id,region,title,venue,date,tags,summary,badge,affiliateUrl,status
"RA-WEDDING-NATIONAL-SEO-SEOUL","서울","서울 웨딩박람회 무료입장","전국 웨딩박람회 제휴 랜딩","상시 확인","웨딩홀|스드메|혼수|예물|예복","서울 지역 웨딩박람회 무료입장 일정과 혜택을 확인하세요.","서울","https://www.replyalba.co.kr/pt/QguXBOoowJ/seoul/hit","active"
"RA-WEDDING-NATIONAL-SEO-GYEONGGI","경기","경기 웨딩박람회 무료입장","전국 웨딩박람회 제휴 랜딩","상시 확인","웨딩홀|스드메|혼수|예물|예복","경기 지역 웨딩박람회 무료입장 일정과 혜택을 확인하세요.","경기","https://www.replyalba.co.kr/pt/QguXBOoowJ/gyeonggi/hit","active"
"RA-WEDDING-NATIONAL-SEO-INCHEON","인천","인천 웨딩박람회 무료입장","전국 웨딩박람회 제휴 랜딩","상시 확인","웨딩홀|스드메|혼수|예물|예복","인천 지역 웨딩박람회 무료입장 일정과 혜택을 확인하세요.","인천","https://www.replyalba.co.kr/pt/QguXBOoowJ/incheon/hit","active"
"RA-WEDDING-NATIONAL-SEO-BUSAN","부산","부산 웨딩박람회 무료입장","전국 웨딩박람회 제휴 랜딩","상시 확인","웨딩홀|스드메|혼수|예물|예복","부산 지역 웨딩박람회 무료입장 일정과 혜택을 확인하세요.","부산","https://www.replyalba.co.kr/pt/QguXBOoowJ/busan/hit","active"
"RA-WEDDING-NATIONAL-SEO-CHUNGCHEONG","충청","충청 웨딩박람회 무료입장","전국 웨딩박람회 제휴 랜딩","상시 확인","웨딩홀|스드메|혼수|예물|예복","충청 지역 웨딩박람회 무료입장 일정과 혜택을 확인하세요.","충청","https://www.replyalba.co.kr/pt/QguXBOoowJ/chungcheong/hit","active"
"RA-WEDDING-NATIONAL-SEO-JEOLLA","전라","전라 웨딩박람회 무료입장","전국 웨딩박람회 제휴 랜딩","상시 확인","웨딩홀|스드메|혼수|예물|예복","전라 지역 웨딩박람회 무료입장 일정과 혜택을 확인하세요.","전라","https://www.replyalba.co.kr/pt/QguXBOoowJ/jeolla/hit","active"
"RA-WEDDING-NATIONAL-SEO-GANGWON","강원","강원 웨딩박람회 무료입장","전국 웨딩박람회 제휴 랜딩","상시 확인","웨딩홀|스드메|혼수|예물|예복","강원 지역 웨딩박람회 무료입장 일정과 혜택을 확인하세요.","강원","https://www.replyalba.co.kr/pt/QguXBOoowJ/gangwon/hit","active"
"RA-WEDDING-NATIONAL-SEO-GYEONGSANG","경상","경상 웨딩박람회 무료입장","전국 웨딩박람회 제휴 랜딩","상시 확인","웨딩홀|스드메|혼수|예물|예복","경상 지역 웨딩박람회 무료입장 일정과 혜택을 확인하세요.","경상","https://www.replyalba.co.kr/pt/QguXBOoowJ/gyeongsang/hit","active"
"RA-WEDDING-NATIONAL-SEO-JEJU","제주","제주 웨딩박람회 무료입장","전국 웨딩박람회 제휴 랜딩","상시 확인","웨딩홀|스드메|혼수|예물|예복","제주 지역 웨딩박람회 무료입장 일정과 혜택을 확인하세요.","제주","https://www.replyalba.co.kr/pt/QguXBOoowJ/jeju/hit","active"
"RA-WEDDING-812-수원컨벤션센터-초대형-웨딩박람회","경기","수원컨벤션센터 초대형 웨딩박람회","수원컨벤션센터 초대형 웨딩박람회","2026-06-06 ~ 2026-06-07","웨딩홀|스드메|혼수|예물|예복","수원컨벤션센터 초대형 웨딩박람회 무료입장 신청 정보를 확인하세요. 실제 일정과 혜택은 신청 페이지에서 최종 확인하세요.","경기","https://www.replyalba.co.kr/pt/V3WNI34BdB","active"
"RA-WEDDING-1223-at센터-서울-대형-웨딩페스티벌","서울","aT센터 서울 대형 웨딩페스티벌","aT센터 서울 대형 웨딩페스티벌","2026-06-06 ~ 2026-06-07","웨딩홀|스드메|혼수|예물|예복","aT센터 서울 대형 웨딩페스티벌 무료입장 신청 정보를 확인하세요. 실제 일정과 혜택은 신청 페이지에서 최종 확인하세요.","서울","https://www.replyalba.co.kr/pt/wwDTTAYSrZ","active"
"RA-WEDDING-1178-청주-오스코-초대형-웨딩박람회","충청","청주 오스코 초대형 웨딩박람회","충북 청주시 흥덕구 오송읍 만수리 275-5 청주오스코 특별전시장","2026-06-13 ~ 2026-06-14","웨딩홀|스드메|혼수|예물|예복","청주 오스코 초대형 웨딩박람회 무료입장 신청 정보를 확인하세요. 실제 일정과 혜택은 신청 페이지에서 최종 확인하세요.","충청","https://www.replyalba.co.kr/pt/xGgxzXcQrs","active"
"RA-WEDDING-916-롯데백화점-부산본점-웨딩엑스포","부산","롯데백화점 부산본점 웨딩엑스포","부산 롯데백화점 부산본점 웨딩박람회","2026-06-06 ~ 2026-06-07","웨딩홀|스드메|혼수|예물|예복","롯데백화점 부산본점 웨딩엑스포 무료입장 신청 정보를 확인하세요. 실제 일정과 혜택은 신청 페이지에서 최종 확인하세요.","부산","https://www.replyalba.co.kr/pt/10dEWM9CkXo","active"
"RA-WEDDING-827-인천-송도컨벤시아-대형-웨딩박람회","인천","인천 송도컨벤시아 대형 웨딩박람회","인천 송도컨벤시아 대형 웨딩박람회","2026-06-06 ~ 2026-06-07","웨딩홀|스드메|혼수|예물|예복","인천 송도컨벤시아 대형 웨딩박람회 무료입장 신청 정보를 확인하세요. 실제 일정과 혜택은 신청 페이지에서 최종 확인하세요.","인천","https://www.replyalba.co.kr/pt/ZE3pf6d3oI","active"
"RA-WEDDING-1026-knn-부산-웨딩엑스포","경상","KNN 부산 웨딩엑스포","부산 해운대구 센텀서로 30 KNN방송국 특별행사장","2026-06-13 ~ 2026-06-14","웨딩홀|스드메|혼수|예물|예복","KNN 부산 웨딩엑스포 무료입장 신청 정보를 확인하세요. 실제 일정과 혜택은 신청 페이지에서 최종 확인하세요.","경상","https://www.replyalba.co.kr/pt/EaZwuEwlGC","active"
"RA-WEDDING-811-일산킨텍스-최대규모-대형-웨딩박람회","경기","일산킨텍스 최대규모 대형 웨딩박람회","경기 고양시 일산서구 킨텍스로 217-60 킨텍스 2전시장","2026-05-30 ~ 2026-05-31","웨딩홀|스드메|혼수|예물|예복","일산킨텍스 최대규모 대형 웨딩박람회 무료입장 신청 정보를 확인하세요. 실제 일정과 혜택은 신청 페이지에서 최종 확인하세요.","경기","https://www.replyalba.co.kr/pt/E3XCCyTGoT","active"
"RA-WEDDING-1045-대전-컨벤션센터-대형-웨딩박람회","충청","대전 컨벤션센터 대형 웨딩박람회","대전 컨벤션센터 대형 웨딩박람회","2026-05-30 ~ 2026-05-31","웨딩홀|스드메|혼수|예물|예복","대전 컨벤션센터 대형 웨딩박람회 무료입장 신청 정보를 확인하세요. 실제 일정과 혜택은 신청 페이지에서 최종 확인하세요.","충청","https://www.replyalba.co.kr/pt/AXkoCPAEwI","active"
"RA-WEDDING-910-서울-웨딩드레스-페어","서울","서울 웨딩드레스 페어","서울 강남구 테헤란로 518 섬유센터 2F 이벤트홀","2026-05-30 ~ 2026-05-31","웨딩홀|스드메|혼수|예물|예복","서울 웨딩드레스 페어 무료입장 신청 정보를 확인하세요. 실제 일정과 혜택은 신청 페이지에서 최종 확인하세요.","서울","https://www.replyalba.co.kr/pt/BlKMJ8IVT1","active"
"RA-WEDDING-813-수원메쎄-대형-웨딩박람회","경기","수원메쎄 대형 웨딩박람회","경기 수원시 권선구 세화로134번길 37 수원 메쎄 전시장","2026-05-30 ~ 2026-05-31","웨딩홀|스드메|혼수|예물|예복","수원메쎄 대형 웨딩박람회 무료입장 신청 정보를 확인하세요. 실제 일정과 혜택은 신청 페이지에서 최종 확인하세요.","경기","https://www.replyalba.co.kr/pt/AiJnROF6yJ","active"
"RA-WEDDING-724-w웨딩시티-부산웨딩박람회","부산","W웨딩시티 부산웨딩박람회","W웨딩시티 부산웨딩박람회","2026-06-06 ~ 2026-06-07","웨딩홀|스드메|혼수|예물|예복","W웨딩시티 부산웨딩박람회 무료입장 신청 정보를 확인하세요. 실제 일정과 혜택은 신청 페이지에서 최종 확인하세요.","부산","https://www.replyalba.co.kr/pt/N5lkpHCUOh","active"
"RA-WEDDING-771-bexco-부산웨딩박람회","부산","BEXCO 부산웨딩박람회","부산롯데호텔웨딩홀","2026-05-29 ~ 2026-05-31","웨딩홀|스드메|혼수|예물|예복","BEXCO 부산웨딩박람회 무료입장 신청 정보를 확인하세요. 실제 일정과 혜택은 신청 페이지에서 최종 확인하세요.","부산","https://www.replyalba.co.kr/pt/x8YlZYTbx2","active"
"RA-WEDDING-901-울산-플래너-웨딩박람회","경상","울산 플래너 웨딩박람회","울산 현대백화점 웨딩박람회","2026-05-30 ~ 2026-05-31","웨딩홀|스드메|혼수|예물|예복","울산 플래너 웨딩박람회 무료입장 신청 정보를 확인하세요. 실제 일정과 혜택은 신청 페이지에서 최종 확인하세요.","경상","https://www.replyalba.co.kr/pt/xdnqdUBEZc","active"
"RA-WEDDING-802-창원-롯데백화점-웨딩박람회","경상","창원 롯데백화점 웨딩박람회","창원 롯데백화점 웨딩박람회","2026-06-06 ~ 2026-06-07","웨딩홀|스드메|혼수|예물|예복","창원 롯데백화점 웨딩박람회 무료입장 신청 정보를 확인하세요. 실제 일정과 혜택은 신청 페이지에서 최종 확인하세요.","경상","https://www.replyalba.co.kr/pt/wqVkCtuJyd","active"
"RA-WEDDING-793-bwc-부산-벡스코-웨딩박람회","부산","BWC 부산 벡스코 웨딩박람회","그가사랑하는 순간 [부산점]","2026-06-19 ~ 2026-06-21","웨딩홀|스드메|혼수|예물|예복","BWC 부산 벡스코 웨딩박람회 무료입장 신청 정보를 확인하세요. 실제 일정과 혜택은 신청 페이지에서 최종 확인하세요.","부산","https://www.replyalba.co.kr/pt/ViiHyEZViN","active"
"RA-WEDDING-940-강남-코엑스-원조-웨덱스-웨딩페어","서울","강남 코엑스 원조 웨덱스 웨딩페어","서울 강남구 삼성동 159 / 지하철 2호선 삼성역, 9호선 봉은사역","2026-06-06 ~ 2026-06-07","웨딩홀|스드메|혼수|예물|예복","강남 코엑스 원조 웨덱스 웨딩페어 무료입장 신청 정보를 확인하세요. 실제 일정과 혜택은 신청 페이지에서 최종 확인하세요.","서울","https://www.replyalba.co.kr/pt/UEA9rJTq6u","active"
"RA-WEDDING-761-부산-웨딩박람회-in-knn-방송국","부산","부산 웨딩박람회 in KNN 방송국","부산롯데호텔웨딩홀","2026-06-06 ~ 2026-06-07","웨딩홀|스드메|혼수|예물|예복","부산 웨딩박람회 in KNN 방송국 무료입장 신청 정보를 확인하세요. 실제 일정과 혜택은 신청 페이지에서 최종 확인하세요.","부산","https://www.replyalba.co.kr/pt/CPMQ9vG6ho","active"
"RA-WEDDING-1234-ak플라자-원주-그랜드-웨딩페어","강원","AK플라자 원주 그랜드 웨딩페어","AK플라자 원주 그랜드 웨딩페어","2026-06-06 ~ 2026-06-07","웨딩홀|스드메|혼수|예물|예복","AK플라자 원주 그랜드 웨딩페어 무료입장 신청 정보를 확인하세요. 실제 일정과 혜택은 신청 페이지에서 최종 확인하세요.","강원","https://www.replyalba.co.kr/pt/Dr4AX19dP9","active"
"RA-WEDDING-1130-setec-웨딩박람회","서울","SETEC 웨딩박람회","서울권 (장위2동)사랑제일교회 / (주)신시계조선호텔뱅커 / [종료]아카데미컨벤션웨딩홀 / 100주년 기념관 채플 /63컨벤션센터 / 63컨벤션웨딩","2026-05-30 ~ 2026-05-31","웨딩홀|스드메|혼수|예물|예복","SETEC 웨딩박람회 무료입장 신청 정보를 확인하세요. 실제 일정과 혜택은 신청 페이지에서 최종 확인하세요.","서울","https://www.replyalba.co.kr/pt/Up5Mej42FH","active"
"RA-WEDDING-1219-강릉-세인트존스-레브웨딩박람회-2","강원","강릉 세인트존스 레브웨딩박람회 2","강원도 강릉시 창해로 307 강릉세인트존스 호텔","2026-06-06 ~ 2026-06-07","웨딩홀|스드메|혼수|예물|예복","강릉 세인트존스 레브웨딩박람회 2 무료입장 신청 정보를 확인하세요. 실제 일정과 혜택은 신청 페이지에서 최종 확인하세요.","강원","https://www.replyalba.co.kr/pt/PE20E9hevw","active"
"RA-WEDDING-843-강릉-위드유-웨딩박람회","강원","강릉 위드유 웨딩박람회","강원 강릉시 경강로 2370 LG전자베스트샵 강릉본점 특별행사장","2026-06-20 ~ 2026-06-21","웨딩홀|스드메|혼수|예물|예복","강릉 위드유 웨딩박람회 무료입장 신청 정보를 확인하세요. 실제 일정과 혜택은 신청 페이지에서 최종 확인하세요.","강원","https://www.replyalba.co.kr/pt/vPJOqyYpRl","active"
"RA-WEDDING-1142-광명-ak-대형-웨딩박람회","경기","광명 AK 대형 웨딩박람회","경기 광명시 양지로 17 AK PLAZA 광명 B2 LG전자 특별행사장","2026-05-30 ~ 2026-05-31","웨딩홀|스드메|혼수|예물|예복","광명 AK 대형 웨딩박람회 무료입장 신청 정보를 확인하세요. 실제 일정과 혜택은 신청 페이지에서 최종 확인하세요.","경기","https://www.replyalba.co.kr/pt/wGclk5qOH6","active"
"RA-WEDDING-859-광명-위드유-웨딩박람회","경기","광명 위드유 웨딩박람회","경기 광명시 금하로 454 삼성스토어 광명소하 특별행사장","2026-06-06 ~ 2026-06-07","웨딩홀|스드메|혼수|예물|예복","광명 위드유 웨딩박람회 무료입장 신청 정보를 확인하세요. 실제 일정과 혜택은 신청 페이지에서 최종 확인하세요.","경기","https://www.replyalba.co.kr/pt/PoJXW1JOKW","active"
"RA-WEDDING-1134-광주-컨벤션-웨딩박람회","전라","광주 컨벤션 웨딩박람회","광주 컨벤션 웨딩박람회","2026-05-23 ~ 2026-05-31","웨딩홀|스드메|혼수|예물|예복","광주 컨벤션 웨딩박람회 무료입장 신청 정보를 확인하세요. 실제 일정과 혜택은 신청 페이지에서 최종 확인하세요.","전라","https://www.replyalba.co.kr/pt/10r3ADojtw8","active"
"RA-WEDDING-718-광주스타일링페어","전라","광주스타일링페어","01.10토 ~ 01.11일 광주 서구 무진대로 932 신세계백화점 8층","2026-05-30 ~ 2026-05-31","웨딩홀|스드메|혼수|예물|예복","광주스타일링페어 무료입장 신청 정보를 확인하세요. 실제 일정과 혜택은 신청 페이지에서 최종 확인하세요.","전라","https://www.replyalba.co.kr/pt/Zye6oFVlnB","active"
"RA-WEDDING-957-김해-웨딩박람회","경상","김해 웨딩박람회","어느하나 빠지지 않는 부산 최고의 인기웨딩홀로,","2026-05-30 ~ 2026-05-31","웨딩홀|스드메|혼수|예물|예복","김해 웨딩박람회 무료입장 신청 정보를 확인하세요. 실제 일정과 혜택은 신청 페이지에서 최종 확인하세요.","경상","https://www.replyalba.co.kr/pt/C2mqYywCx5","active"
"RA-WEDDING-1236-당진-그랜드-웨딩페어","전국","당진 그랜드 웨딩페어","당진 그랜드 웨딩페어","2026-05-30 ~ 2026-05-31","웨딩홀|스드메|혼수|예물|예복","당진 그랜드 웨딩페어 무료입장 신청 정보를 확인하세요. 실제 일정과 혜택은 신청 페이지에서 최종 확인하세요.","전국","https://www.replyalba.co.kr/pt/CmobZB0waN","active"
"RA-WEDDING-1205-대구-대결모-대규모-웨딩박람회","경상","대구 대결모 대규모 웨딩박람회","대구 대결모 대규모 웨딩박람회","2012-10-01 ~ 2026-10-01","웨딩홀|스드메|혼수|예물|예복","대구 대결모 대규모 웨딩박람회 무료입장 신청 정보를 확인하세요. 실제 일정과 혜택은 신청 페이지에서 최종 확인하세요.","경상","https://www.replyalba.co.kr/pt/R73Iusspbe","active"
"RA-WEDDING-1351-대구-대박웨딩박람회","경상","대구 대박웨딩박람회","대구 대박웨딩박람회","2026-04-04 ~ 2026-06-21","웨딩홀|스드메|혼수|예물|예복","대구 대박웨딩박람회 무료입장 신청 정보를 확인하세요. 실제 일정과 혜택은 신청 페이지에서 최종 확인하세요.","경상","https://www.replyalba.co.kr/pt/HfrRj0xtBs","active"
"RA-WEDDING-1218-대구-연웨딩갤러리-웨딩박람회","경상","대구 연웨딩갤러리 웨딩박람회","대구 연웨딩갤러리 웨딩박람회","2026-06-13 ~ 2026-06-14","웨딩홀|스드메|혼수|예물|예복","대구 연웨딩갤러리 웨딩박람회 무료입장 신청 정보를 확인하세요. 실제 일정과 혜택은 신청 페이지에서 최종 확인하세요.","경상","https://www.replyalba.co.kr/pt/TQe6KwQaBq","active"
"RA-WEDDING-950-대전-nc백화점-대형-웨딩박람회","충청","대전 NC백화점 대형 웨딩박람회","대전 NC백화점 대형 웨딩박람회","2026-06-13 ~ 2026-06-14","웨딩홀|스드메|혼수|예물|예복","대전 NC백화점 대형 웨딩박람회 무료입장 신청 정보를 확인하세요. 실제 일정과 혜택은 신청 페이지에서 최종 확인하세요.","충청","https://www.replyalba.co.kr/pt/IcQ3sv4QoX","active"
"RA-WEDDING-870-대전-위드유-웨딩박람회","충청","대전 위드유 웨딩박람회","주소 : 대전 서구 계룡로 598 롯데백화점 대전점 B1 LG베스트샵","2026-06-13 ~ 2026-06-28","웨딩홀|스드메|혼수|예물|예복","대전 위드유 웨딩박람회 무료입장 신청 정보를 확인하세요. 실제 일정과 혜택은 신청 페이지에서 최종 확인하세요.","충청","https://www.replyalba.co.kr/pt/I6qfgoV1jS","active"
"RA-WEDDING-1360-더셜리-수원-웨딩박람회","경기","더셜리 수원 웨딩박람회","경기 수원시 팔달구 인계로94번길 26 1층 투어민","2026-05-30 ~ 2026-05-31","웨딩홀|스드메|혼수|예물|예복","더셜리 수원 웨딩박람회 무료입장 신청 정보를 확인하세요. 실제 일정과 혜택은 신청 페이지에서 최종 확인하세요.","경기","https://www.replyalba.co.kr/pt/10Ov0Ax0FzB","active"
"RA-WEDDING-1375-더셜리-인천-웨딩박람회","인천","더셜리 인천 웨딩박람회","인천 남동구 미래로 6, 마커스빌딩 2층 투어민 인천점","2026-06-06 ~ 2026-06-07","웨딩홀|스드메|혼수|예물|예복","더셜리 인천 웨딩박람회 무료입장 신청 정보를 확인하세요. 실제 일정과 혜택은 신청 페이지에서 최종 확인하세요.","인천","https://www.replyalba.co.kr/pt/x39YYtKEol","active"
"RA-WEDDING-1246-동탄-롯데백화점-그랜드-웨딩페어","경기","동탄 롯데백화점 그랜드 웨딩페어","경기 화성시 동탄역로 160 롯데백화점 동탄점 6층 특별행사장","2026-05-30 ~ 2026-05-31","웨딩홀|스드메|혼수|예물|예복","동탄 롯데백화점 그랜드 웨딩페어 무료입장 신청 정보를 확인하세요. 실제 일정과 혜택은 신청 페이지에서 최종 확인하세요.","경기","https://www.replyalba.co.kr/pt/xqL8wPPmVo","active"
"RA-WEDDING-1362-동해현진호텔-레브웨딩박람회","전국","동해현진호텔 레브웨딩박람회","동해현진호텔 레브웨딩박람회","2026-05-30 ~ 2026-05-31","웨딩홀|스드메|혼수|예물|예복","동해현진호텔 레브웨딩박람회 무료입장 신청 정보를 확인하세요. 실제 일정과 혜택은 신청 페이지에서 최종 확인하세요.","전국","https://www.replyalba.co.kr/pt/whojxeuILe","active"
"RA-WEDDING-817-부산-더블혜택-웨딩박람회","부산","부산 더블혜택 웨딩박람회","부산광역시 부산진구 황령대로 13 한라시그마타워 1F","2026-05-30 ~ 2026-05-31","웨딩홀|스드메|혼수|예물|예복","부산 더블혜택 웨딩박람회 무료입장 신청 정보를 확인하세요. 실제 일정과 혜택은 신청 페이지에서 최종 확인하세요.","부산","https://www.replyalba.co.kr/pt/CK4uiK1Mmx","active"
"RA-WEDDING-1293-부산-라모르-웨딩박람회","부산","부산 라모르 웨딩박람회","부산 연제구 법원로8번길 10 라모르웨딩","2026-05-30 ~ 2026-05-31","웨딩홀|스드메|혼수|예물|예복","부산 라모르 웨딩박람회 무료입장 신청 정보를 확인하세요. 실제 일정과 혜택은 신청 페이지에서 최종 확인하세요.","부산","https://www.replyalba.co.kr/pt/DEAbOjdB5q","active"
"RA-WEDDING-772-부산-찰스-웨딩박람회","부산","부산 찰스 웨딩박람회","부산광역시 부산진구 황령대로 13 한라시그마타워 1F","2026-05-30 ~ 2026-05-31","웨딩홀|스드메|혼수|예물|예복","부산 찰스 웨딩박람회 무료입장 신청 정보를 확인하세요. 실제 일정과 혜택은 신청 페이지에서 최종 확인하세요.","부산","https://www.replyalba.co.kr/pt/CrXs79pAAi","active"
"RA-WEDDING-1277-부산-투어민-허니문초대전","충청","부산 투어민 허니문초대전","부산 투어민 오시는길","2026-05-16 ~ 2026-05-17","웨딩홀|스드메|혼수|예물|예복","부산 투어민 허니문초대전 무료입장 신청 정보를 확인하세요. 실제 일정과 혜택은 신청 페이지에서 최종 확인하세요.","충청","https://www.replyalba.co.kr/pt/FLV1HRYpBG","active"
"RA-WEDDING-857-부천-롯데백화점-위드유-웨딩박람회","경기","부천 롯데백화점 위드유 웨딩박람회","부천 롯데백화점 위드유 웨딩박람회","2026-06-20 ~ 2026-06-21","웨딩홀|스드메|혼수|예물|예복","부천 롯데백화점 위드유 웨딩박람회 무료입장 신청 정보를 확인하세요. 실제 일정과 혜택은 신청 페이지에서 최종 확인하세요.","경기","https://www.replyalba.co.kr/pt/Une5JJ9uyf","active"
"RA-WEDDING-946-부천-위드유-웨딩박람회","경기","부천 위드유 웨딩박람회","경기 부천시 원미구 길주로 254 삼성스토어 부천중동","2026-06-13 ~ 2026-06-28","웨딩홀|스드메|혼수|예물|예복","부천 위드유 웨딩박람회 무료입장 신청 정보를 확인하세요. 실제 일정과 혜택은 신청 페이지에서 최종 확인하세요.","경기","https://www.replyalba.co.kr/pt/DxJ8gqd72W","active"
"RA-WEDDING-1358-서울-롯데월드타워-대형-웨딩박람회","서울","서울 롯데월드타워 대형 웨딩박람회","서울 롯데월드타워 대형 웨딩박람회","2026-05-30 ~ 2026-05-31","웨딩홀|스드메|혼수|예물|예복","서울 롯데월드타워 대형 웨딩박람회 무료입장 신청 정보를 확인하세요. 실제 일정과 혜택은 신청 페이지에서 최종 확인하세요.","서울","https://www.replyalba.co.kr/pt/CJ82BE4S0Z","active"
"RA-WEDDING-1049-서울-명동-웨딩박람회","서울","서울 명동 웨딩박람회","서울 명동 웨딩박람회","2026-06-13 ~ 2026-06-14","웨딩홀|스드메|혼수|예물|예복","서울 명동 웨딩박람회 무료입장 신청 정보를 확인하세요. 실제 일정과 혜택은 신청 페이지에서 최종 확인하세요.","서울","https://www.replyalba.co.kr/pt/w38sjknD2E","active"
"RA-WEDDING-966-서울-신혼여행-박람회","서울","서울 신혼여행 박람회","서울 강남구 테헤란로 518 섬유센터 2F 이벤트홀","2026-05-30 ~ 2026-05-31","웨딩홀|스드메|혼수|예물|예복","서울 신혼여행 박람회 무료입장 신청 정보를 확인하세요. 실제 일정과 혜택은 신청 페이지에서 최종 확인하세요.","서울","https://www.replyalba.co.kr/pt/wsUwSfKRA7","active"
"RA-WEDDING-958-서울-웨딩홀-박람회","서울","서울 웨딩홀 박람회","서울 웨딩홀 박람회","2026-05-30 ~ 2026-05-31","웨딩홀|스드메|혼수|예물|예복","서울 웨딩홀 박람회 무료입장 신청 정보를 확인하세요. 실제 일정과 혜택은 신청 페이지에서 최종 확인하세요.","서울","https://www.replyalba.co.kr/pt/L0mJGPIdWD","active"
"RA-WEDDING-1101-세텍-웨딩-페어","서울","세텍 웨딩 페어","서울 강남구 남부순환로 3104 SETEC 컨벤션센터(2층 전시실)","2026-06-06 ~ 2026-06-07","웨딩홀|스드메|혼수|예물|예복","세텍 웨딩 페어 무료입장 신청 정보를 확인하세요. 실제 일정과 혜택은 신청 페이지에서 최종 확인하세요.","서울","https://www.replyalba.co.kr/pt/LU9KnqTUfI","active"
"RA-WEDDING-1102-세텍-웨딩홀-페어","서울","세텍 웨딩홀 페어","서울 강남구 남부순환로 3104 SETEC 컨벤션센터(2층 전시실)","2026-06-06 ~ 2026-06-07","웨딩홀|스드메|혼수|예물|예복","세텍 웨딩홀 페어 무료입장 신청 정보를 확인하세요. 실제 일정과 혜택은 신청 페이지에서 최종 확인하세요.","서울","https://www.replyalba.co.kr/pt/MjUTkz9Okk","active"
"RA-WEDDING-1103-세텍-허니문-페어","서울","세텍 허니문 페어","서울 강남구 남부순환로 3104 SETEC 컨벤션센터(2층 전시실)","2026-06-06 ~ 2026-06-07","웨딩홀|스드메|혼수|예물|예복","세텍 허니문 페어 무료입장 신청 정보를 확인하세요. 실제 일정과 혜택은 신청 페이지에서 최종 확인하세요.","서울","https://www.replyalba.co.kr/pt/EBN2LYn7w5","active"
"RA-WEDDING-903-수원-갤러리아-광교-대형-웨딩박람회","경기","수원 갤러리아 광교 대형 웨딩박람회","경기 수원시 영통구 광교중앙로 124 수원 갤러리아 백화점 특별 행사장","2026-05-30 ~ 2026-05-31","웨딩홀|스드메|혼수|예물|예복","수원 갤러리아 광교 대형 웨딩박람회 무료입장 신청 정보를 확인하세요. 실제 일정과 혜택은 신청 페이지에서 최종 확인하세요.","경기","https://www.replyalba.co.kr/pt/DKQJRiHhPq","active"
"RA-WEDDING-1292-수원-메쎄-하우투-웨딩박람회","경기","수원 메쎄 하우투 웨딩박람회","수원 웨딩박람회 오시는 길","2026-06-06 ~ 2026-06-07","웨딩홀|스드메|혼수|예물|예복","수원 메쎄 하우투 웨딩박람회 무료입장 신청 정보를 확인하세요. 실제 일정과 혜택은 신청 페이지에서 최종 확인하세요.","경기","https://www.replyalba.co.kr/pt/EPqNgqzCXM","active"
"RA-WEDDING-939-수원-메쎄-하우투-허니문박람회","경기","수원 메쎄 하우투 허니문박람회","수원 웨딩박람회 오시는 길","2026-06-06 ~ 2026-06-07","웨딩홀|스드메|혼수|예물|예복","수원 메쎄 하우투 허니문박람회 무료입장 신청 정보를 확인하세요. 실제 일정과 혜택은 신청 페이지에서 최종 확인하세요.","경기","https://www.replyalba.co.kr/pt/RDegQTT7BC","active"
"RA-WEDDING-868-수원-웨딩거리-웨딩박람회","경기","수원 웨딩거리 웨딩박람회","수원 웨딩거리 웨딩박람회","2026-05-23 ~ 2026-05-24","웨딩홀|스드메|혼수|예물|예복","수원 웨딩거리 웨딩박람회 무료입장 신청 정보를 확인하세요. 실제 일정과 혜택은 신청 페이지에서 최종 확인하세요.","경기","https://www.replyalba.co.kr/pt/SvzZ4mGPnz","active"
"RA-WEDDING-1063-수원-컨벤션-하우투-웨딩박람회","경기","수원 컨벤션 하우투 웨딩박람회","수원 컨벤션 하우투 웨딩박람회","2026-06-13 ~ 2026-06-14","웨딩홀|스드메|혼수|예물|예복","수원 컨벤션 하우투 웨딩박람회 무료입장 신청 정보를 확인하세요. 실제 일정과 혜택은 신청 페이지에서 최종 확인하세요.","경기","https://www.replyalba.co.kr/pt/xWWBFYB0Te","active"
"RA-WEDDING-1373-수원-컨벤션-하우투-허니문박람회","경기","수원 컨벤션 하우투 허니문박람회","수원 컨벤션 하우투 허니문박람회","2026-06-13 ~ 2026-06-14","웨딩홀|스드메|혼수|예물|예복","수원 컨벤션 하우투 허니문박람회 무료입장 신청 정보를 확인하세요. 실제 일정과 혜택은 신청 페이지에서 최종 확인하세요.","경기","https://www.replyalba.co.kr/pt/ywSFXP7whK","active"
"RA-WEDDING-904-수원-타임빌라스-웨딩박람회-0523","경기","수원 타임빌라스 웨딩박람회 0523","경기 수원시 권선구 세화로 134 타임빌라스 수원점 B1 LG베스트샵 특별행사장","2026-05-23 ~ 2026-05-25","웨딩홀|스드메|혼수|예물|예복","수원 타임빌라스 웨딩박람회 0523 무료입장 신청 정보를 확인하세요. 실제 일정과 혜택은 신청 페이지에서 최종 확인하세요.","경기","https://www.replyalba.co.kr/pt/zACz7E9YrA","active"
"RA-WEDDING-900-수원-타임빌라스-웨딩박람회-0530","경기","수원 타임빌라스 웨딩박람회 0530","경기 수원시 권선구 세화로 134 타임빌라스 수원점","2026-05-30 ~ 2026-05-31","웨딩홀|스드메|혼수|예물|예복","수원 타임빌라스 웨딩박람회 0530 무료입장 신청 정보를 확인하세요. 실제 일정과 혜택은 신청 페이지에서 최종 확인하세요.","경기","https://www.replyalba.co.kr/pt/YlienVoWN6","active"
"RA-WEDDING-1146-수원-패밀리-웨딩박람회","경기","수원 패밀리 웨딩박람회","수원 패밀리 웨딩박람회","2026-06-06 ~ 2026-06-07","웨딩홀|스드메|혼수|예물|예복","수원 패밀리 웨딩박람회 무료입장 신청 정보를 확인하세요. 실제 일정과 혜택은 신청 페이지에서 최종 확인하세요.","경기","https://www.replyalba.co.kr/pt/XG6yigbHLF","active"
"RA-WEDDING-1289-스타필드-고양-그랜드-웨딩페어","경기","스타필드 고양 그랜드 웨딩페어","스타필드 고양 그랜드 웨딩페어","2026-05-23 ~ 2026-06-14","웨딩홀|스드메|혼수|예물|예복","스타필드 고양 그랜드 웨딩페어 무료입장 신청 정보를 확인하세요. 실제 일정과 혜택은 신청 페이지에서 최종 확인하세요.","경기","https://www.replyalba.co.kr/pt/G63MamJcoq","active"
"RA-WEDDING-1245-시흥-프리미엄아울렛-그랜드-웨딩페어","경기","시흥 프리미엄아울렛 그랜드 웨딩페어","경기 시흥시 서해안로 699 LG전자베스트샵 시흥아울렛점 특별행사장","2026-05-30 ~ 2026-05-31","웨딩홀|스드메|혼수|예물|예복","시흥 프리미엄아울렛 그랜드 웨딩페어 무료입장 신청 정보를 확인하세요. 실제 일정과 혜택은 신청 페이지에서 최종 확인하세요.","경기","https://www.replyalba.co.kr/pt/Q1XVxou1J7","active"
"RA-WEDDING-1372-안산-롯데백화점-그랜드-웨딩페어","경기","안산 롯데백화점 그랜드 웨딩페어","안산 롯데백화점 그랜드 웨딩페어","2026-05-30 ~ 2026-05-31","웨딩홀|스드메|혼수|예물|예복","안산 롯데백화점 그랜드 웨딩페어 무료입장 신청 정보를 확인하세요. 실제 일정과 혜택은 신청 페이지에서 최종 확인하세요.","경기","https://www.replyalba.co.kr/pt/Q8QA92rE1K","active"
"RA-WEDDING-1104-안산-삼성-고잔점-위드유-웨딩박람회","경기","안산 삼성 고잔점 위드유 웨딩박람회","안산 삼성 고잔점 위드유 웨딩박람회","2026-06-06 ~ 2026-06-21","웨딩홀|스드메|혼수|예물|예복","안산 삼성 고잔점 위드유 웨딩박람회 무료입장 신청 정보를 확인하세요. 실제 일정과 혜택은 신청 페이지에서 최종 확인하세요.","경기","https://www.replyalba.co.kr/pt/UNff1lRhP5","active"
"RA-WEDDING-949-안양-롯데백화점-평촌-웨딩박람회","경기","안양 롯데백화점 평촌 웨딩박람회","경기 안양시 동안구 시민대로 180 롯데백화점 평촌점 특별전시장","2026-05-30 ~ 2026-05-31","웨딩홀|스드메|혼수|예물|예복","안양 롯데백화점 평촌 웨딩박람회 무료입장 신청 정보를 확인하세요. 실제 일정과 혜택은 신청 페이지에서 최종 확인하세요.","경기","https://www.replyalba.co.kr/pt/V9Ktdl0dcW","active"
"RA-WEDDING-1264-안양평촌-롯데백화점-레브웨딩박람회","경기","안양평촌 롯데백화점 레브웨딩박람회","안양평촌 롯데백화점 레브웨딩박람회","2026-06-06 ~ 2026-06-07","웨딩홀|스드메|혼수|예물|예복","안양평촌 롯데백화점 레브웨딩박람회 무료입장 신청 정보를 확인하세요. 실제 일정과 혜택은 신청 페이지에서 최종 확인하세요.","경기","https://www.replyalba.co.kr/pt/U5LGTWaAQS","active"
"RA-WEDDING-1338-용산-아이파크-웨딩박람회","서울","용산 아이파크 웨딩박람회","서울 용산구 한강대로23길 55 아이파크몰 리빙파크 5층 리바트 가구 특별행사장","2026-06-06 ~ 2026-06-07","웨딩홀|스드메|혼수|예물|예복","용산 아이파크 웨딩박람회 무료입장 신청 정보를 확인하세요. 실제 일정과 혜택은 신청 페이지에서 최종 확인하세요.","서울","https://www.replyalba.co.kr/pt/DkrwKcysjV","active"
"RA-WEDDING-1339-용산-아이파크-혼수박람회","서울","용산 아이파크 혼수박람회","서울 용산구 한강대로23길 55 아이파크몰 리빙파크 5층 리바트 가구 특별행사장","2026-06-06 ~ 2026-06-07","웨딩홀|스드메|혼수|예물|예복","용산 아이파크 혼수박람회 무료입장 신청 정보를 확인하세요. 실제 일정과 혜택은 신청 페이지에서 최종 확인하세요.","서울","https://www.replyalba.co.kr/pt/CWwM2x74oa","active"
"RA-WEDDING-840-용산-아이파크몰-대형-웨딩박람회","서울","용산 아이파크몰 대형 웨딩박람회","서울 용산구 한강대로23길 55 용산 아이파크몰 리빙파크 3F","2026-05-30 ~ 2026-05-31","웨딩홀|스드메|혼수|예물|예복","용산 아이파크몰 대형 웨딩박람회 무료입장 신청 정보를 확인하세요. 실제 일정과 혜택은 신청 페이지에서 최종 확인하세요.","서울","https://www.replyalba.co.kr/pt/w8QGX3cUCH","active"
"RA-WEDDING-986-원주-삼성스토어-위드유-웨딩박람회","강원","원주 삼성스토어 위드유 웨딩박람회","주소 : 강원도 원주시 북원로 2384 삼성스토어 단계","2026-06-13 ~ 2026-06-28","웨딩홀|스드메|혼수|예물|예복","원주 삼성스토어 위드유 웨딩박람회 무료입장 신청 정보를 확인하세요. 실제 일정과 혜택은 신청 페이지에서 최종 확인하세요.","강원","https://www.replyalba.co.kr/pt/wfoONMUrIJ","active"
"RA-WEDDING-1005-웨딩더하기-원주-lg베스트샵-웨딩박람회","강원","웨딩더하기 원주 LG베스트샵 웨딩박람회","원주 LG베스트샵 웨딩박람회 오시는길","2026-05-30 ~ 2026-05-31","웨딩홀|스드메|혼수|예물|예복","웨딩더하기 원주 LG베스트샵 웨딩박람회 무료입장 신청 정보를 확인하세요. 실제 일정과 혜택은 신청 페이지에서 최종 확인하세요.","강원","https://www.replyalba.co.kr/pt/xoUbOBdpfo","active"
"RA-WEDDING-995-웨딩더하기-일산-킨텍스-현대백화점-웨딩박람회","경기","웨딩더하기 일산 킨텍스 현대백화점 웨딩박람회","웨딩더하기 일산 킨텍스 현대백화점 웨딩박람회회","2026-05-30 ~ 2026-05-31","웨딩홀|스드메|혼수|예물|예복","웨딩더하기 일산 킨텍스 현대백화점 웨딩박람회 무료입장 신청 정보를 확인하세요. 실제 일정과 혜택은 신청 페이지에서 최종 확인하세요.","경기","https://www.replyalba.co.kr/pt/LZY29ThPKh","active"
"RA-WEDDING-212-웨딩하람-웨딩박람회","경상","웨딩하람 웨딩박람회","주소: 대구광역시 중구 동덕로 33, 13동 1층 13호(대봉동) 웨딩하람","2026-06-13 ~ 2026-06-14","웨딩홀|스드메|혼수|예물|예복","웨딩하람 웨딩박람회 무료입장 신청 정보를 확인하세요. 실제 일정과 혜택은 신청 페이지에서 최종 확인하세요.","경상","https://www.replyalba.co.kr/pt/M6x5FUF1tL","active"
"RA-WEDDING-1167-이본한복-상담신청","전국","이본한복 상담신청","이본한복 상담신청","2025-07-19 ~ 2025-07-20","웨딩홀|스드메|혼수|예물|예복","이본한복 상담신청 무료입장 신청 정보를 확인하세요. 실제 일정과 혜택은 신청 페이지에서 최종 확인하세요.","전국","https://www.replyalba.co.kr/pt/Es7vx1B2af","active"
"RA-WEDDING-1147-이천-위드유-웨딩박람회","경기","이천 위드유 웨딩박람회","경기 이천시 증신로 130 삼성스토어 이천증포 특별행사장","2026-06-13 ~ 2026-06-14","웨딩홀|스드메|혼수|예물|예복","이천 위드유 웨딩박람회 무료입장 신청 정보를 확인하세요. 실제 일정과 혜택은 신청 페이지에서 최종 확인하세요.","경기","https://www.replyalba.co.kr/pt/DMIK5H6BoN","active"
"RA-WEDDING-1378-인천-롯데백화점-그랜드-웨딩페어","인천","인천 롯데백화점 그랜드 웨딩페어","인천롯데백화점 그랜드 웨딩페어","2026-06-06 ~ 2026-06-07","웨딩홀|스드메|혼수|예물|예복","인천 롯데백화점 그랜드 웨딩페어 무료입장 신청 정보를 확인하세요. 실제 일정과 혜택은 신청 페이지에서 최종 확인하세요.","인천","https://www.replyalba.co.kr/pt/EJJ1pUwzXW","active"
"RA-WEDDING-1365-잠실-롯데백화점-레브웨딩박람회","전국","잠실 롯데백화점 레브웨딩박람회","잠실 롯데백화점 레브웨딩박람회","2026-06-06 ~ 2026-06-07","웨딩홀|스드메|혼수|예물|예복","잠실 롯데백화점 레브웨딩박람회 무료입장 신청 정보를 확인하세요. 실제 일정과 혜택은 신청 페이지에서 최종 확인하세요.","전국","https://www.replyalba.co.kr/pt/Si4ffPhvBF","active"
"RA-WEDDING-705-전국-웨딩-박람회-일정-가나다순","서울","전국 웨딩 박람회 일정 - 가나다순","서울 강남구 남부순환로 3104 SETEC 2층","2026-05-01 ~ 2026-06-28","웨딩홀|스드메|혼수|예물|예복","전국 웨딩 박람회 일정 - 가나다순 무료입장 신청 정보를 확인하세요. 실제 일정과 혜택은 신청 페이지에서 최종 확인하세요.","서울","https://www.replyalba.co.kr/pt/QguXBOoowJ","active"
"RA-WEDDING-711-전국-웨딩-박람회-일정-인기순","서울","전국 웨딩 박람회 일정 - 인기순","서울 강남구 삼성동 159, 코엑스","2026-05-01 ~ 2026-06-27","웨딩홀|스드메|혼수|예물|예복","전국 웨딩 박람회 일정 - 인기순 무료입장 신청 정보를 확인하세요. 실제 일정과 혜택은 신청 페이지에서 최종 확인하세요.","서울","https://www.replyalba.co.kr/pt/Jk1KV29KEE","active"
"RA-WEDDING-1208-제주-라마다호텔-초대형-웨딩박람회","제주","제주 라마다호텔 초대형 웨딩박람회","제주 라마다호텔 초대형 웨딩박람회","2026-05-30 ~ 2026-05-31","웨딩홀|스드메|혼수|예물|예복","제주 라마다호텔 초대형 웨딩박람회 무료입장 신청 정보를 확인하세요. 실제 일정과 혜택은 신청 페이지에서 최종 확인하세요.","제주","https://www.replyalba.co.kr/pt/NmOYxGsinK","active"
"RA-WEDDING-690-제주-제이유-웨딩박람회","제주","제주 제이유 웨딩박람회","제주 제주시 동광로 34 호텔샬롬 제주","2026-05-16 ~ 2026-05-17","웨딩홀|스드메|혼수|예물|예복","제주 제이유 웨딩박람회 무료입장 신청 정보를 확인하세요. 실제 일정과 혜택은 신청 페이지에서 최종 확인하세요.","제주","https://www.replyalba.co.kr/pt/LmFbqJYWsu","active"
"RA-WEDDING-1334-중동-롯데백화점-레브웨딩박람회","전국","중동 롯데백화점 레브웨딩박람회","중동 롯데백화점 레브웨딩박람회","2026-06-13 ~ 2026-06-14","웨딩홀|스드메|혼수|예물|예복","중동 롯데백화점 레브웨딩박람회 무료입장 신청 정보를 확인하세요. 실제 일정과 혜택은 신청 페이지에서 최종 확인하세요.","전국","https://www.replyalba.co.kr/pt/KKTEBW4HON","active"
"RA-WEDDING-1323-창원-최대규모-대형-웨딩박람회","경상","창원 최대규모 대형 웨딩박람회","창원 웨딩박람회 오시는길","2026-06-06 ~ 2026-06-07","웨딩홀|스드메|혼수|예물|예복","창원 최대규모 대형 웨딩박람회 무료입장 신청 정보를 확인하세요. 실제 일정과 혜택은 신청 페이지에서 최종 확인하세요.","경상","https://www.replyalba.co.kr/pt/wIaCkwIxLk","active"
"RA-WEDDING-993-창원-최대규모-웨딩박람회","경상","창원 최대규모 웨딩박람회","창원 최대규모 웨딩박람회","2026-05-30 ~ 2026-05-31","웨딩홀|스드메|혼수|예물|예복","창원 최대규모 웨딩박람회 무료입장 신청 정보를 확인하세요. 실제 일정과 혜택은 신청 페이지에서 최종 확인하세요.","경상","https://www.replyalba.co.kr/pt/V0VUIVN46h","active"
"RA-WEDDING-803-창원-프리마베라-웨딩박람회","경상","창원 프리마베라 웨딩박람회","박람회 계약시 창원 상품권 증정","2026-05-30 ~ 2026-06-07","웨딩홀|스드메|혼수|예물|예복","창원 프리마베라 웨딩박람회 무료입장 신청 정보를 확인하세요. 실제 일정과 혜택은 신청 페이지에서 최종 확인하세요.","경상","https://www.replyalba.co.kr/pt/UW408C41xZ","active"
"RA-WEDDING-1233-천안-갤러리아-그랜드-웨딩페어","충청","천안 갤러리아 그랜드 웨딩페어","천안 갤러리아 그랜드 웨딩페어 오시는길","2026-06-06 ~ 2026-06-07","웨딩홀|스드메|혼수|예물|예복","천안 갤러리아 그랜드 웨딩페어 무료입장 신청 정보를 확인하세요. 실제 일정과 혜택은 신청 페이지에서 최종 확인하세요.","충청","https://www.replyalba.co.kr/pt/V0VUIUeNbc","active"
"RA-WEDDING-909-천안-갤러리아-대형-웨딩박람회","충청","천안 갤러리아 대형 웨딩박람회","충남 천안시 서북구 공원로 227 갤러리아백화점 센터시티점 9F 특별전시장","2026-06-13 ~ 2026-06-14","웨딩홀|스드메|혼수|예물|예복","천안 갤러리아 대형 웨딩박람회 무료입장 신청 정보를 확인하세요. 실제 일정과 혜택은 신청 페이지에서 최종 확인하세요.","충청","https://www.replyalba.co.kr/pt/UW408Cum4i","active"
"RA-WEDDING-838-천안-아일랜드유-위드유-웨딩박람회","충청","천안 아일랜드유 위드유 웨딩박람회","충남 천안시 서북구 부대3길 26 아일랜드유 특별행사장","2026-06-06 ~ 2026-06-21","웨딩홀|스드메|혼수|예물|예복","천안 아일랜드유 위드유 웨딩박람회 무료입장 신청 정보를 확인하세요. 실제 일정과 혜택은 신청 페이지에서 최종 확인하세요.","충청","https://www.replyalba.co.kr/pt/UWNLGu7JOC","active"
"RA-WEDDING-1172-청량리-롯데백화점-대형-웨딩박람회","서울","청량리 롯데백화점 대형 웨딩박람회","서울 동대문구 왕산로 214 롯데백화점 청량리점 7층 특별행사장","2026-05-30 ~ 2026-05-31","웨딩홀|스드메|혼수|예물|예복","청량리 롯데백화점 대형 웨딩박람회 무료입장 신청 정보를 확인하세요. 실제 일정과 혜택은 신청 페이지에서 최종 확인하세요.","서울","https://www.replyalba.co.kr/pt/RPDmqREaLQ","active"
"RA-WEDDING-1145-청주-osco-패밀리-웨딩박람회","충청","청주 OSCO 패밀리 웨딩박람회","청주 OSCO 패밀리 웨딩박람회","2026-05-30 ~ 2026-05-31","웨딩홀|스드메|혼수|예물|예복","청주 OSCO 패밀리 웨딩박람회 무료입장 신청 정보를 확인하세요. 실제 일정과 혜택은 신청 페이지에서 최종 확인하세요.","충청","https://www.replyalba.co.kr/pt/F5MuinPsLn","active"
"RA-WEDDING-1192-청주-오스코-하우투-웨딩박람회","충청","청주 오스코 하우투 웨딩박람회","청주 하우투 웨딩박람회 오시는 길","2026-06-06 ~ 2026-06-07","웨딩홀|스드메|혼수|예물|예복","청주 오스코 하우투 웨딩박람회 무료입장 신청 정보를 확인하세요. 실제 일정과 혜택은 신청 페이지에서 최종 확인하세요.","충청","https://www.replyalba.co.kr/pt/FgL6CdPZcK","active"
"RA-WEDDING-1087-청주-오스코-허니문박람회","충청","청주 오스코 허니문박람회","경기 김포시 검단로 910 포지티브스페이스566 웨딩컨벤션 5층 특별전시장","2026-06-06 ~ 2026-06-07","웨딩홀|스드메|혼수|예물|예복","청주 오스코 허니문박람회 무료입장 신청 정보를 확인하세요. 실제 일정과 혜택은 신청 페이지에서 최종 확인하세요.","충청","https://www.replyalba.co.kr/pt/Lt2DkCltXG","active"
"RA-WEDDING-1273-청주-율랑점-엘지-위드유-웨딩박람회","충청","청주 율랑점 엘지 위드유 웨딩박람회","청주 율랑점 엘지 위드유 웨딩박람회","2026-05-30 ~ 2026-06-28","웨딩홀|스드메|혼수|예물|예복","청주 율랑점 엘지 위드유 웨딩박람회 무료입장 신청 정보를 확인하세요. 실제 일정과 혜택은 신청 페이지에서 최종 확인하세요.","충청","https://www.replyalba.co.kr/pt/KEwc7P3Ctj","active"
"RA-WEDDING-1283-청주-커넥트-현대-웨딩박람회","충청","청주 커넥트 현대 웨딩박람회","충북 청주시 흥덕구 2순환로 1225 커넥트현대 청주 4층 전자랜드 특별전시장","2026-06-20 ~ 2026-06-21","웨딩홀|스드메|혼수|예물|예복","청주 커넥트 현대 웨딩박람회 무료입장 신청 정보를 확인하세요. 실제 일정과 혜택은 신청 페이지에서 최종 확인하세요.","충청","https://www.replyalba.co.kr/pt/xQDYbAdJ4b","active"
"RA-WEDDING-1314-초대형-인천-하이어-웨딩박람회","인천","초대형 인천 하이어 웨딩박람회","초대형 인천 하이어 웨딩박람회","2026-05-30 ~ 2026-05-31","웨딩홀|스드메|혼수|예물|예복","초대형 인천 하이어 웨딩박람회 무료입장 신청 정보를 확인하세요. 실제 일정과 혜택은 신청 페이지에서 최종 확인하세요.","인천","https://www.replyalba.co.kr/pt/yvBKyNlOyV","active"
"RA-WEDDING-861-춘천-더테라리움-위드유-웨딩박람회","강원","춘천 더테라리움 위드유 웨딩박람회","강원도 춘천시 지석로 80 10층 춘천 더테라리움","2026-06-06 ~ 2026-06-07","웨딩홀|스드메|혼수|예물|예복","춘천 더테라리움 위드유 웨딩박람회 무료입장 신청 정보를 확인하세요. 실제 일정과 혜택은 신청 페이지에서 최종 확인하세요.","강원","https://www.replyalba.co.kr/pt/10wu6cnVKCT","active"
"RA-WEDDING-1232-춘천퇴계점-lg베스트샵-위드유-웨딩박람회","강원","춘천퇴계점 LG베스트샵 위드유 웨딩박람회","춘천퇴계점 LG베스트샵 위드유 웨딩박람회","2026-06-27 ~ 2026-06-28","웨딩홀|스드메|혼수|예물|예복","춘천퇴계점 LG베스트샵 위드유 웨딩박람회 무료입장 신청 정보를 확인하세요. 실제 일정과 혜택은 신청 페이지에서 최종 확인하세요.","강원","https://www.replyalba.co.kr/pt/zFdzEIjbv6","active"
"RA-WEDDING-837-충주-위드유-웨딩박람회","전국","충주 위드유 웨딩박람회","충북 충주시 탄금대로 139 LG전자베스트샵 충주본점 특별행사장","2026-05-30 ~ 2026-06-21","웨딩홀|스드메|혼수|예물|예복","충주 위드유 웨딩박람회 무료입장 신청 정보를 확인하세요. 실제 일정과 혜택은 신청 페이지에서 최종 확인하세요.","전국","https://www.replyalba.co.kr/pt/CWk6Fwc6pR","active"
"RA-WEDDING-1235-타임빌라스-수원-대형-웨딩박람회","경기","타임빌라스 수원 대형 웨딩박람회","타임빌라스 수원 대형 웨딩박람회 오시는길","2026-06-06 ~ 2026-06-07","웨딩홀|스드메|혼수|예물|예복","타임빌라스 수원 대형 웨딩박람회 무료입장 신청 정보를 확인하세요. 실제 일정과 혜택은 신청 페이지에서 최종 확인하세요.","경기","https://www.replyalba.co.kr/pt/W1X8U9cz6s","active"
"RA-WEDDING-1310-평택-lg베스트샵-위드유-웨딩박람회","경기","평택 LG베스트샵 위드유 웨딩박람회","경기 평택시 평택로 311 LG전자베스트샵 평택본점","2026-06-06 ~ 2026-06-07","웨딩홀|스드메|혼수|예물|예복","평택 LG베스트샵 위드유 웨딩박람회 무료입장 신청 정보를 확인하세요. 실제 일정과 혜택은 신청 페이지에서 최종 확인하세요.","경기","https://www.replyalba.co.kr/pt/PXlv3LGopx","active"
"RA-WEDDING-1238-평택-그랜드-웨딩페어","경기","평택 그랜드 웨딩페어","경기 평택시 평택로 51 AK플라자 평택점 6층 특별행사장","2026-05-23 ~ 2026-06-14","웨딩홀|스드메|혼수|예물|예복","평택 그랜드 웨딩페어 무료입장 신청 정보를 확인하세요. 실제 일정과 혜택은 신청 페이지에서 최종 확인하세요.","경기","https://www.replyalba.co.kr/pt/EWojsS76ot","active"
"RA-WEDDING-1186-평택-패밀리-웨딩박람회","경기","평택 패밀리 웨딩박람회","평택 패밀리 웨딩박람회","2026-06-06 ~ 2026-06-07","웨딩홀|스드메|혼수|예물|예복","평택 패밀리 웨딩박람회 무료입장 신청 정보를 확인하세요. 실제 일정과 혜택은 신청 페이지에서 최종 확인하세요.","경기","https://www.replyalba.co.kr/pt/Q5Trhi74Lj","active"
"RA-WEDDING-1237-성남-용인-그랜드-웨딩페어","경기","성남/용인 그랜드 웨딩페어","성남/용인 그랜드 웨딩페어 오시는길","2026-06-13 ~ 2026-06-14","웨딩홀|스드메|혼수|예물|예복","성남/용인 그랜드 웨딩페어 무료입장 신청 정보를 확인하세요. 실제 일정과 혜택은 신청 페이지에서 최종 확인하세요.","경기","https://www.replyalba.co.kr/pt/E976oNZbUJ","active"
"RA-WEDDING-1383-수원-타임빌라스-웨딩박람회-0607","경기","수원 타임빌라스 웨딩박람회 0607","경기 수원시 권선구 세화로 134 타임빌라스 수원점 B1 LG베스트샵 특별행사장","2026-06-06 ~ 2026-06-07","웨딩홀|스드메|혼수|예물|예복","수원 타임빌라스 웨딩박람회 0607 무료입장 신청 정보를 확인하세요. 실제 일정과 혜택은 신청 페이지에서 최종 확인하세요.","경기","https://www.replyalba.co.kr/pt/G9ZewImur9","active"
"RA-WEDDING-1381-신한카드-직거래-웨딩박람회","서울","신한카드 직거래 웨딩박람회","서울 강남구 테헤란로 518 섬유센터 3층","2026-06-13 ~ 2026-06-14","웨딩홀|스드메|혼수|예물|예복","신한카드 직거래 웨딩박람회 무료입장 신청 정보를 확인하세요. 실제 일정과 혜택은 신청 페이지에서 최종 확인하세요.","서울","https://www.replyalba.co.kr/pt/SNksCAPUVO","active"
"RA-WEDDING-1382-춘천-레브웨딩박람회","강원","춘천 레브웨딩박람회","춘천 레브웨딩박람회","2026-06-13 ~ 2026-06-14","웨딩홀|스드메|혼수|예물|예복","춘천 레브웨딩박람회 무료입장 신청 정보를 확인하세요. 실제 일정과 혜택은 신청 페이지에서 최종 확인하세요.","강원","https://www.replyalba.co.kr/pt/AdND0hr4Vs","active"
"RA-WEDDING-1312-포항-라모르-웨딩박람회","경상","포항 라모르 웨딩박람회","경북 포항시 북구 학산로 62 8층 LG전자베스트샵 롯데포항점","2026-06-06 ~ 2026-06-07","웨딩홀|스드메|혼수|예물|예복","포항 라모르 웨딩박람회 무료입장 신청 정보를 확인하세요. 실제 일정과 혜택은 신청 페이지에서 최종 확인하세요.","경상","https://www.replyalba.co.kr/pt/UNwAbYB8K8","active"
